,Run,Wealth,ex_ratio,height,init_agents,init_poll,max_age,max_init_sugar,max_metabolism,max_vision,min_age,width
0,845,5345.367748364226,5,50,500,9,60,5,3,10,30,50
1,877,5311.946496655882,8,50,500,9,60,5,3,10,30,50
2,422,5215.70575787404,3,50,500,5,60,5,3,10,30,50
3,271,5298.959469933691,8,50,500,3,60,5,3,10,30,50
4,506,5455.354731933661,1,50,500,6,60,5,3,10,30,50
5,453,5221.229900232778,6,50,500,5,60,5,3,10,30,50
6,663,5325.491632695549,7,50,500,7,60,5,3,10,30,50
7,839,5363.63229224029,4,50,500,9,60,5,3,10,30,50
8,720,5297.871156240057,3,50,500,8,60,5,3,10,30,50
9,86,5328.473182031053,9,50,500,1,60,5,3,10,30,50
10,393,5456.085335862529,10,50,500,4,60,5,3,10,30,50
11,41,5339.103987002554,5,50,500,1,60,5,3,10,30,50
12,172,5261.743497734257,8,50,500,2,60,5,3,10,30,50
13,766,5417.819054973804,7,50,500,8,60,5,3,10,30,50
14,501,5438.484307920325,1,50,500,6,60,5,3,10,30,50
15,632,5335.697489611331,4,50,500,7,60,5,3,10,30,50
16,511,5316.880235244061,2,50,500,6,60,5,3,10,30,50
17,313,5230.764597864223,2,50,500,4,60,5,3,10,30,50
18,619,5260.17716284963,2,50,500,7,60,5,3,10,30,50
19,751,5351.349125234943,6,50,500,8,60,5,3,10,30,50
20,996,5382.202144990529,10,50,500,10,60,5,3,10,30,50
21,147,5281.06300107615,5,50,500,2,60,5,3,10,30,50
22,157,5401.741816919563,6,50,500,2,60,5,3,10,30,50
23,437,5169.7210156565225,4,50,500,5,60,5,3,10,30,50
24,552,5227.329911139289,6,50,500,6,60,5,3,10,30,50
25,975,5326.098716806274,8,50,500,10,60,5,3,10,30,50
26,530,5458.788237953257,4,50,500,6,60,5,3,10,30,50
27,135,5221.471079478017,4,50,500,2,60,5,3,10,30,50
28,29,5375.806214480051,3,50,500,1,60,5,3,10,30,50
29,521,5321.426055904749,3,50,500,6,60,5,3,10,30,50
30,178,5415.630927378553,8,50,500,2,60,5,3,10,30,50
31,305,5471.845594728658,1,50,500,4,60,5,3,10,30,50
32,193,5324.262986344174,10,50,500,2,60,5,3,10,30,50
33,788,5294.007977107655,9,50,500,8,60,5,3,10,30,50
34,595,5298.808734000394,10,50,500,6,60,5,3,10,30,50
35,125,5236.7213527852755,3,50,500,2,60,5,3,10,30,50
36,810,5402.70617456027,2,50,500,9,60,5,3,10,30,50
37,215,5237.131260300592,2,50,500,3,60,5,3,10,30,50
38,254,5359.521403178688,6,50,500,3,60,5,3,10,30,50
39,10,5418.711216392364,2,50,500,1,60,5,3,10,30,50
40,907,5493.4235667161665,1,50,500,10,60,5,3,10,30,50
41,160,5297.107698878911,7,50,500,2,60,5,3,10,30,50
42,813,5290.496775372602,2,50,500,9,60,5,3,10,30,50
43,1,5436.314670370514,1,50,500,1,60,5,3,10,30,50
44,841,5289.933434848845,5,50,500,9,60,5,3,10,30,50
45,938,5260.476785496095,4,50,500,10,60,5,3,10,30,50
46,981,5338.227972780886,9,50,500,10,60,5,3,10,30,50
47,350,5414.485699240991,6,50,500,4,60,5,3,10,30,50
48,267,5375.274353949295,7,50,500,3,60,5,3,10,30,50
49,210,5210.150173395066,2,50,500,3,60,5,3,10,30,50
50,326,5295.803557809821,3,50,500,4,60,5,3,10,30,50
51,797,5295.818229388766,10,50,500,8,60,5,3,10,30,50
52,109,5506.9230185486595,1,50,500,2,60,5,3,10,30,50
53,360,5274.16469043146,7,50,500,4,60,5,3,10,30,50
54,72,5313.579814504146,8,50,500,1,60,5,3,10,30,50
55,953,5256.758988270542,6,50,500,10,60,5,3,10,30,50
56,640,5209.225596708914,5,50,500,7,60,5,3,10,30,50
57,682,5299.3138167215375,9,50,500,7,60,5,3,10,30,50
58,117,5209.825755641636,2,50,500,2,60,5,3,10,30,50
59,442,5154.956297697781,5,50,500,5,60,5,3,10,30,50
60,377,5353.365614080609,8,50,500,4,60,5,3,10,30,50
61,352,5239.722776585041,6,50,500,4,60,5,3,10,30,50
62,18,5293.787373750949,2,50,500,1,60,5,3,10,30,50
63,71,5367.040434860643,8,50,500,1,60,5,3,10,30,50
64,283,5397.743691679503,9,50,500,3,60,5,3,10,30,50
65,473,5558.276815181066,8,50,500,5,60,5,3,10,30,50
66,189,5169.323966903248,9,50,500,2,60,5,3,10,30,50
67,69,5313.2820647672115,7,50,500,1,60,5,3,10,30,50
68,565,5223.234869118496,7,50,500,6,60,5,3,10,30,50
69,349,5241.2080811729365,5,50,500,4,60,5,3,10,30,50
70,639,5394.155754935724,4,50,500,7,60,5,3,10,30,50
71,81,5452.049522387843,9,50,500,1,60,5,3,10,30,50
72,949,5262.685492763791,5,50,500,10,60,5,3,10,30,50
73,275,5303.221137609256,8,50,500,3,60,5,3,10,30,50
74,487,5300.688217539937,9,50,500,5,60,5,3,10,30,50
75,203,5408.891800996672,1,50,500,3,60,5,3,10,30,50
76,569,5298.038198112955,7,50,500,6,60,5,3,10,30,50
77,950,5315.516909537826,6,50,500,10,60,5,3,10,30,50
78,896,5439.802230795571,10,50,500,9,60,5,3,10,30,50
79,397,5435.598997676008,10,50,500,4,60,5,3,10,30,50
80,427,5155.498023434631,3,50,500,5,60,5,3,10,30,50
81,244,5166.963390886444,5,50,500,3,60,5,3,10,30,50
82,30,5302.166215319102,4,50,500,1,60,5,3,10,30,50
83,368,5304.02182392645,7,50,500,4,60,5,3,10,30,50
84,317,5354.888851894855,2,50,500,4,60,5,3,10,30,50
85,615,5254.197702478899,2,50,500,7,60,5,3,10,30,50
86,947,5145.474962193695,5,50,500,10,60,5,3,10,30,50
87,992,5495.09833705898,10,50,500,10,60,5,3,10,30,50
88,892,5387.326125757504,10,50,500,9,60,5,3,10,30,50
89,917,5494.283384529655,2,50,500,10,60,5,3,10,30,50
90,433,5274.272459826953,4,50,500,5,60,5,3,10,30,50
91,740,5327.412132231878,5,50,500,8,60,5,3,10,30,50
92,659,5244.395652123818,6,50,500,7,60,5,3,10,30,50
93,534,5335.194529694692,4,50,500,6,60,5,3,10,30,50
94,131,5246.011713176944,4,50,500,2,60,5,3,10,30,50
95,25,5175.070195969583,3,50,500,1,60,5,3,10,30,50
96,228,5333.060923408727,3,50,500,3,60,5,3,10,30,50
97,648,5334.750050820979,5,50,500,7,60,5,3,10,30,50
98,576,5325.49524220083,8,50,500,6,60,5,3,10,30,50
99,800,5512.048856505849,1,50,500,9,60,5,3,10,30,50
100,976,5396.860062089093,8,50,500,10,60,5,3,10,30,50
101,928,5328.468399998595,3,50,500,10,60,5,3,10,30,50
102,698,5308.101206493408,10,50,500,7,60,5,3,10,30,50
103,542,5248.037101929869,5,50,500,6,60,5,3,10,30,50
104,22,5385.360704180449,3,50,500,1,60,5,3,10,30,50
105,236,5346.748999542656,4,50,500,3,60,5,3,10,30,50
106,777,5286.053830517828,8,50,500,8,60,5,3,10,30,50
107,872,5260.39897498145,8,50,500,9,60,5,3,10,30,50
108,918,5308.693664241026,2,50,500,10,60,5,3,10,30,50
109,96,5260.267337140303,10,50,500,1,60,5,3,10,30,50
110,381,5388.766362544907,9,50,500,4,60,5,3,10,30,50
111,146,5468.037052497413,5,50,500,2,60,5,3,10,30,50
112,878,5322.729333895006,8,50,500,9,60,5,3,10,30,50
113,884,5270.78414210524,9,50,500,9,60,5,3,10,30,50
114,5,5539.527624676816,1,50,500,1,60,5,3,10,30,50
115,956,5333.224878656835,6,50,500,10,60,5,3,10,30,50
116,515,5360.7868732073775,2,50,500,6,60,5,3,10,30,50
117,107,5451.866483873948,1,50,500,2,60,5,3,10,30,50
118,60,5398.749186143442,7,50,500,1,60,5,3,10,30,50
119,857,5362.887872048104,6,50,500,9,60,5,3,10,30,50
120,141,5234.511267471988,5,50,500,2,60,5,3,10,30,50
121,771,5273.9080606657135,8,50,500,8,60,5,3,10,30,50
122,413,5331.372719177539,2,50,500,5,60,5,3,10,30,50
123,793,5319.421029737218,10,50,500,8,60,5,3,10,30,50
124,544,5369.6871772137065,5,50,500,6,60,5,3,10,30,50
125,957,5292.12101781749,6,50,500,10,60,5,3,10,30,50
126,644,5430.927203763055,5,50,500,7,60,5,3,10,30,50
127,260,5297.085171666735,7,50,500,3,60,5,3,10,30,50
128,113,5259.407979975875,2,50,500,2,60,5,3,10,30,50
129,446,5402.717405527767,5,50,500,5,60,5,3,10,30,50
130,790,5317.965936267499,10,50,500,8,60,5,3,10,30,50
131,491,5288.438998050861,10,50,500,5,60,5,3,10,30,50
132,287,5374.1016403302265,9,50,500,3,60,5,3,10,30,50
133,477,5219.274942811919,8,50,500,5,60,5,3,10,30,50
134,93,5395.942746873349,10,50,500,1,60,5,3,10,30,50
135,604,5511.161299556296,1,50,500,7,60,5,3,10,30,50
136,736,5166.874946840299,4,50,500,8,60,5,3,10,30,50
137,345,5377.53821084456,5,50,500,4,60,5,3,10,30,50
138,718,5316.112470135009,2,50,500,8,60,5,3,10,30,50
139,374,5254.599160256586,8,50,500,4,60,5,3,10,30,50
140,279,5465.482750838584,8,50,500,3,60,5,3,10,30,50
141,483,5269.955782823067,9,50,500,5,60,5,3,10,30,50
142,933,5184.817486596997,4,50,500,10,60,5,3,10,30,50
143,190,5313.490039319145,10,50,500,2,60,5,3,10,30,50
144,53,5386.500713752546,6,50,500,1,60,5,3,10,30,50
145,207,5521.60032024347,1,50,500,3,60,5,3,10,30,50
146,778,5464.41913353604,8,50,500,8,60,5,3,10,30,50
147,820,5300.260591841824,3,50,500,9,60,5,3,10,30,50
148,874,5428.5159339109105,8,50,500,9,60,5,3,10,30,50
149,240,5240.363604338483,5,50,500,3,60,5,3,10,30,50
150,509,5464.196252450219,1,50,500,6,60,5,3,10,30,50
151,405,5375.570895607829,1,50,500,5,60,5,3,10,30,50
152,611,5242.145352078577,2,50,500,7,60,5,3,10,30,50
153,967,5379.227789804669,7,50,500,10,60,5,3,10,30,50
154,332,5262.860512519737,4,50,500,4,60,5,3,10,30,50
155,708,5559.319124443636,1,50,500,8,60,5,3,10,30,50
156,390,5400.020896566072,10,50,500,4,60,5,3,10,30,50
157,913,5325.9913350220895,2,50,500,10,60,5,3,10,30,50
158,761,5261.870179500609,7,50,500,8,60,5,3,10,30,50
159,864,5234.220673016663,7,50,500,9,60,5,3,10,30,50
160,744,5217.179151875488,5,50,500,8,60,5,3,10,30,50
161,922,5275.761450201987,3,50,500,10,60,5,3,10,30,50
162,655,5336.095853410133,6,50,500,7,60,5,3,10,30,50
163,827,5188.7902132175295,3,50,500,9,60,5,3,10,30,50
164,224,5450.081386205774,3,50,500,3,60,5,3,10,30,50
165,150,5270.871600816494,6,50,500,2,60,5,3,10,30,50
166,652,5369.3435233042665,6,50,500,7,60,5,3,10,30,50
167,961,5234.748395836761,7,50,500,10,60,5,3,10,30,50
168,259,5393.787203372073,6,50,500,3,60,5,3,10,30,50
169,539,5378.800282957388,4,50,500,6,60,5,3,10,30,50
170,308,5377.591877537457,1,50,500,4,60,5,3,10,30,50
171,232,5275.669140926798,4,50,500,3,60,5,3,10,30,50
172,293,5394.758232250021,10,50,500,3,60,5,3,10,30,50
173,818,5292.669741908562,2,50,500,9,60,5,3,10,30,50
174,924,5375.969463161312,3,50,500,10,60,5,3,10,30,50
175,688,5409.907558787249,9,50,500,7,60,5,3,10,30,50
176,986,5449.523789252526,9,50,500,10,60,5,3,10,30,50
177,62,5250.005497970906,7,50,500,1,60,5,3,10,30,50
178,168,5346.226599145972,7,50,500,2,60,5,3,10,30,50
179,693,5353.606071619017,10,50,500,7,60,5,3,10,30,50
180,339,5319.536366554946,4,50,500,4,60,5,3,10,30,50
181,954,5408.2069540920465,6,50,500,10,60,5,3,10,30,50
182,846,5283.82807913888,5,50,500,9,60,5,3,10,30,50
183,519,5212.64263281627,2,50,500,6,60,5,3,10,30,50
184,589,5314.556270063656,9,50,500,6,60,5,3,10,30,50
185,753,5217.8434099017595,6,50,500,8,60,5,3,10,30,50
186,775,5420.491028564007,8,50,500,8,60,5,3,10,30,50
187,167,5323.980602019744,7,50,500,2,60,5,3,10,30,50
188,842,5407.500795992496,5,50,500,9,60,5,3,10,30,50
189,217,5286.914890939659,2,50,500,3,60,5,3,10,30,50
190,548,5321.164628026555,5,50,500,6,60,5,3,10,30,50
191,33,5371.349727777507,4,50,500,1,60,5,3,10,30,50
192,575,5263.032535205737,8,50,500,6,60,5,3,10,30,50
193,677,5374.057640518721,8,50,500,7,60,5,3,10,30,50
194,100,5385.160915189449,1,50,500,2,60,5,3,10,30,50
195,495,5491.089152058131,10,50,500,5,60,5,3,10,30,50
196,79,5411.769308194102,8,50,500,1,60,5,3,10,30,50
197,583,5537.506382001149,9,50,500,6,60,5,3,10,30,50
198,181,5356.757608938585,9,50,500,2,60,5,3,10,30,50
199,600,5446.916019965199,1,50,500,7,60,5,3,10,30,50
200,419,5409.1661643235475,2,50,500,5,60,5,3,10,30,50
201,850,5307.258091461137,6,50,500,9,60,5,3,10,30,50
202,714,5304.409464468114,2,50,500,8,60,5,3,10,30,50
203,370,5189.966023906163,8,50,500,4,60,5,3,10,30,50
204,288,5454.885410836135,9,50,500,3,60,5,3,10,30,50
205,876,5392.1843137144515,8,50,500,9,60,5,3,10,30,50
206,457,5257.732196891403,6,50,500,5,60,5,3,10,30,50
207,667,5236.109873284868,7,50,500,7,60,5,3,10,30,50
208,66,5350.253695087997,7,50,500,1,60,5,3,10,30,50
209,340,5229.9299610509825,5,50,500,4,60,5,3,10,30,50
210,870,5352.993944237612,8,50,500,9,60,5,3,10,30,50
211,943,5434.048259889271,5,50,500,10,60,5,3,10,30,50
212,524,5293.782971091311,3,50,500,6,60,5,3,10,30,50
213,505,5274.088829167183,1,50,500,6,60,5,3,10,30,50
214,401,5502.120928838612,1,50,500,5,60,5,3,10,30,50
215,660,5387.327296923011,7,50,500,7,60,5,3,10,30,50
216,56,5376.110301300253,6,50,500,1,60,5,3,10,30,50
217,727,5276.066023669967,3,50,500,8,60,5,3,10,30,50
218,560,5315.986608274062,7,50,500,6,60,5,3,10,30,50
219,704,5540.5430656274675,1,50,500,8,60,5,3,10,30,50
220,394,5461.637125611435,10,50,500,4,60,5,3,10,30,50
221,111,5208.3702053364,2,50,500,2,60,5,3,10,30,50
222,765,5242.082751859472,7,50,500,8,60,5,3,10,30,50
223,302,5466.195903718599,1,50,500,4,60,5,3,10,30,50
224,868,5388.402067114075,7,50,500,9,60,5,3,10,30,50
225,748,5391.29504345587,5,50,500,8,60,5,3,10,30,50
226,314,5252.566276464457,2,50,500,4,60,5,3,10,30,50
227,960,5334.231095274131,7,50,500,10,60,5,3,10,30,50
228,209,5389.087593580656,1,50,500,3,60,5,3,10,30,50
229,154,5205.745782281484,6,50,500,2,60,5,3,10,30,50
230,729,5257.111746879202,3,50,500,8,60,5,3,10,30,50
231,557,5392.050046280938,6,50,500,6,60,5,3,10,30,50
232,136,5367.07051520694,4,50,500,2,60,5,3,10,30,50
233,591,5294.2332487866315,10,50,500,6,60,5,3,10,30,50
234,297,5363.60830837695,10,50,500,3,60,5,3,10,30,50
235,573,5404.882095323249,8,50,500,6,60,5,3,10,30,50
236,6,5453.9968179075695,1,50,500,1,60,5,3,10,30,50
237,909,5226.526671201719,1,50,500,10,60,5,3,10,30,50
238,198,5364.073286870279,10,50,500,2,60,5,3,10,30,50
239,815,5342.262955652835,2,50,500,9,60,5,3,10,30,50
240,592,5311.5778726634735,10,50,500,6,60,5,3,10,30,50
241,701,5491.899851145932,1,50,500,8,60,5,3,10,30,50
242,120,5339.824909608544,3,50,500,2,60,5,3,10,30,50
243,837,5313.463424849638,4,50,500,9,60,5,3,10,30,50
244,263,5167.570385396055,7,50,500,3,60,5,3,10,30,50
245,149,5317.856140834552,5,50,500,2,60,5,3,10,30,50
246,904,5490.165694854131,1,50,500,10,60,5,3,10,30,50
247,734,5274.639583150154,4,50,500,8,60,5,3,10,30,50
248,163,5366.074812349121,7,50,500,2,60,5,3,10,30,50
249,926,5255.062848639889,3,50,500,10,60,5,3,10,30,50
250,759,5363.057079562483,6,50,500,8,60,5,3,10,30,50
251,880,5343.727594647035,9,50,500,9,60,5,3,10,30,50
252,496,5166.1863378348235,10,50,500,5,60,5,3,10,30,50
253,944,5351.645603724679,5,50,500,10,60,5,3,10,30,50
254,849,5270.088296790471,5,50,500,9,60,5,3,10,30,50
255,37,5171.962892617121,4,50,500,1,60,5,3,10,30,50
256,264,5297.636427421714,7,50,500,3,60,5,3,10,30,50
257,460,5317.787498952364,7,50,500,5,60,5,3,10,30,50
258,673,5350.182853457066,8,50,500,7,60,5,3,10,30,50
259,798,5432.156938441215,10,50,500,8,60,5,3,10,30,50
260,104,5319.999035834464,1,50,500,2,60,5,3,10,30,50
261,367,5314.19902982117,7,50,500,4,60,5,3,10,30,50
262,75,5530.203324642241,8,50,500,1,60,5,3,10,30,50
263,834,5227.298189737263,4,50,500,9,60,5,3,10,30,50
264,687,5338.5447725464755,9,50,500,7,60,5,3,10,30,50
265,942,5287.675490093077,5,50,500,10,60,5,3,10,30,50
266,854,5277.40120499281,6,50,500,9,60,5,3,10,30,50
267,710,5253.511508531809,2,50,500,8,60,5,3,10,30,50
268,221,5285.029919030315,3,50,500,3,60,5,3,10,30,50
269,83,5431.375511079826,9,50,500,1,60,5,3,10,30,50
270,357,5326.594822797128,6,50,500,4,60,5,3,10,30,50
271,17,5268.603415798329,2,50,500,1,60,5,3,10,30,50
272,184,5313.7314088762205,9,50,500,2,60,5,3,10,30,50
273,805,5227.836813110919,1,50,500,9,60,5,3,10,30,50
274,423,5325.277436736514,3,50,500,5,60,5,3,10,30,50
275,248,5309.720359801999,5,50,500,3,60,5,3,10,30,50
276,520,5134.97594693605,3,50,500,6,60,5,3,10,30,50
277,484,5242.016792882394,9,50,500,5,60,5,3,10,30,50
278,452,5294.350288395623,6,50,500,5,60,5,3,10,30,50
279,838,5271.139519768276,4,50,500,9,60,5,3,10,30,50
280,63,5277.277868851151,7,50,500,1,60,5,3,10,30,50
281,564,5332.8634582337445,7,50,500,6,60,5,3,10,30,50
282,894,5354.226319936243,10,50,500,9,60,5,3,10,30,50
283,398,5455.682187155104,10,50,500,4,60,5,3,10,30,50
284,42,5356.447017462218,5,50,500,1,60,5,3,10,30,50
285,173,5402.1494907299675,8,50,500,2,60,5,3,10,30,50
286,500,5543.694554825767,1,50,500,6,60,5,3,10,30,50
287,635,5310.872788369338,4,50,500,7,60,5,3,10,30,50
288,46,5287.874897686172,5,50,500,1,60,5,3,10,30,50
289,618,5396.462040688605,2,50,500,7,60,5,3,10,30,50
290,863,5172.122036534789,7,50,500,9,60,5,3,10,30,50
291,997,5335.123828278313,10,50,500,10,60,5,3,10,30,50
292,158,5302.282848872379,6,50,500,2,60,5,3,10,30,50
293,409,5514.150565268092,1,50,500,5,60,5,3,10,30,50
294,674,5329.381771295502,8,50,500,7,60,5,3,10,30,50
295,436,5388.790531739208,4,50,500,5,60,5,3,10,30,50
296,743,5347.879994556192,5,50,500,8,60,5,3,10,30,50
297,553,5339.093398952892,6,50,500,6,60,5,3,10,30,50
298,972,5409.201141515993,8,50,500,10,60,5,3,10,30,50
299,531,5334.189354319136,4,50,500,6,60,5,3,10,30,50
300,330,5408.700134506381,4,50,500,4,60,5,3,10,30,50
301,26,5295.987435897186,3,50,500,1,60,5,3,10,30,50
302,651,5396.692917937373,6,50,500,7,60,5,3,10,30,50
303,179,5281.578805961169,8,50,500,2,60,5,3,10,30,50
304,304,5574.010665290588,1,50,500,4,60,5,3,10,30,50
305,194,5260.8640486416225,10,50,500,2,60,5,3,10,30,50
306,769,5321.347945507117,7,50,500,8,60,5,3,10,30,50
307,932,5317.547739408813,4,50,500,10,60,5,3,10,30,50
308,596,5402.445441090212,10,50,500,6,60,5,3,10,30,50
309,124,5250.710823788135,3,50,500,2,60,5,3,10,30,50
310,253,5273.250749388416,6,50,500,3,60,5,3,10,30,50
311,323,5376.498570885244,3,50,500,4,60,5,3,10,30,50
312,908,5581.693144781407,1,50,500,10,60,5,3,10,30,50
313,730,5301.039117523484,4,50,500,8,60,5,3,10,30,50
314,881,5339.757651044356,9,50,500,9,60,5,3,10,30,50
315,2,5605.877106019665,1,50,500,1,60,5,3,10,30,50
316,939,5220.1849483331025,4,50,500,10,60,5,3,10,30,50
317,512,5254.5433410764645,2,50,500,6,60,5,3,10,30,50
318,968,5302.6032968985955,7,50,500,10,60,5,3,10,30,50
319,946,5286.1285564798545,5,50,500,10,60,5,3,10,30,50
320,268,5351.974534258959,7,50,500,3,60,5,3,10,30,50
321,860,5332.564278714064,7,50,500,9,60,5,3,10,30,50
322,329,5255.370623722054,3,50,500,4,60,5,3,10,30,50
323,551,5341.431953056476,6,50,500,6,60,5,3,10,30,50
324,794,5318.799667018828,10,50,500,8,60,5,3,10,30,50
325,108,5504.174251191926,1,50,500,2,60,5,3,10,30,50
326,363,5264.288174816004,7,50,500,4,60,5,3,10,30,50
327,923,5359.190288893532,3,50,500,10,60,5,3,10,30,50
328,826,5362.296182618411,3,50,500,9,60,5,3,10,30,50
329,641,5369.721431290804,5,50,500,7,60,5,3,10,30,50
330,683,5221.913866612156,9,50,500,7,60,5,3,10,30,50
331,118,5241.963105963335,2,50,500,2,60,5,3,10,30,50
332,443,5257.342504212965,5,50,500,5,60,5,3,10,30,50
333,378,5335.170426108464,8,50,500,4,60,5,3,10,30,50
334,353,5376.521156915,6,50,500,4,60,5,3,10,30,50
335,70,5466.014618009064,8,50,500,1,60,5,3,10,30,50
336,280,5376.733625294685,9,50,500,3,60,5,3,10,30,50
337,472,5276.929753680178,8,50,500,5,60,5,3,10,30,50
338,910,5331.587764962149,2,50,500,10,60,5,3,10,30,50
339,188,5350.328113884566,9,50,500,2,60,5,3,10,30,50
340,879,5326.221645766081,8,50,500,9,60,5,3,10,30,50
341,348,5453.3136811223085,5,50,500,4,60,5,3,10,30,50
342,862,5383.28726781405,7,50,500,9,60,5,3,10,30,50
343,274,5284.765094191601,8,50,500,3,60,5,3,10,30,50
344,480,5165.96978789494,9,50,500,5,60,5,3,10,30,50
345,182,5453.0951252961895,9,50,500,2,60,5,3,10,30,50
346,668,5311.050004950537,7,50,500,7,60,5,3,10,30,50
347,200,5309.652612520292,1,50,500,3,60,5,3,10,30,50
348,568,5283.645587184661,7,50,500,6,60,5,3,10,30,50
349,91,5371.483400963,10,50,500,1,60,5,3,10,30,50
350,899,5373.355702252228,10,50,500,9,60,5,3,10,30,50
351,424,5409.82256185421,3,50,500,5,60,5,3,10,30,50
352,245,5196.277585201793,5,50,500,3,60,5,3,10,30,50
353,859,5387.921223916571,6,50,500,9,60,5,3,10,30,50
354,15,5173.125056556603,2,50,500,1,60,5,3,10,30,50
355,614,5304.293331410237,2,50,500,7,60,5,3,10,30,50
356,331,5361.419102193969,4,50,500,4,60,5,3,10,30,50
357,993,5392.554335590016,10,50,500,10,60,5,3,10,30,50
358,825,5261.163952982223,3,50,500,9,60,5,3,10,30,50
359,476,5343.794992185473,8,50,500,5,60,5,3,10,30,50
360,432,5337.004483229365,4,50,500,5,60,5,3,10,30,50
361,747,5190.47940300097,5,50,500,8,60,5,3,10,30,50
362,478,5336.758570511706,8,50,500,5,60,5,3,10,30,50
363,535,5302.317372162503,4,50,500,6,60,5,3,10,30,50
364,334,5213.945768333741,4,50,500,4,60,5,3,10,30,50
365,229,5271.047361080099,3,50,500,3,60,5,3,10,30,50
366,48,5254.620752039739,5,50,500,1,60,5,3,10,30,50
367,577,5349.639201549207,8,50,500,6,60,5,3,10,30,50
368,431,5170.654488856145,4,50,500,5,60,5,3,10,30,50
369,977,5421.338764649762,8,50,500,10,60,5,3,10,30,50
370,697,5380.974295337121,10,50,500,7,60,5,3,10,30,50
371,23,5286.574095600526,3,50,500,1,60,5,3,10,30,50
372,239,5304.46092802211,4,50,500,3,60,5,3,10,30,50
373,817,5293.006567369914,2,50,500,9,60,5,3,10,30,50
374,99,5398.287601101437,10,50,500,1,60,5,3,10,30,50
375,380,5384.101007840282,9,50,500,4,60,5,3,10,30,50
376,985,5411.474367110861,9,50,500,10,60,5,3,10,30,50
377,885,5289.584773954811,9,50,500,9,60,5,3,10,30,50
378,213,5190.0782450440565,2,50,500,3,60,5,3,10,30,50
379,336,5369.721799588849,4,50,500,4,60,5,3,10,30,50
380,251,5390.626732242974,6,50,500,3,60,5,3,10,30,50
381,516,5275.396511529554,2,50,500,6,60,5,3,10,30,50
382,621,5337.174982886816,3,50,500,7,60,5,3,10,30,50
383,754,5210.3780350611305,6,50,500,8,60,5,3,10,30,50
384,140,5413.6755191114835,5,50,500,2,60,5,3,10,30,50
385,627,5346.384533432261,3,50,500,7,60,5,3,10,30,50
386,772,5335.42673113598,8,50,500,8,60,5,3,10,30,50
387,412,5310.6213751029545,2,50,500,5,60,5,3,10,30,50
388,547,5241.957473085174,5,50,500,6,60,5,3,10,30,50
389,958,5185.442173106991,6,50,500,10,60,5,3,10,30,50
390,645,5237.460312697095,5,50,500,7,60,5,3,10,30,50
391,114,5492.875101346625,2,50,500,2,60,5,3,10,30,50
392,447,5252.839472198359,5,50,500,5,60,5,3,10,30,50
393,791,5501.524315019068,10,50,500,8,60,5,3,10,30,50
394,490,5338.289138643613,10,50,500,5,60,5,3,10,30,50
395,284,5434.746790201029,9,50,500,3,60,5,3,10,30,50
396,586,5331.022671693655,9,50,500,6,60,5,3,10,30,50
397,92,5312.8479265370115,10,50,500,1,60,5,3,10,30,50
398,605,5403.812273213003,1,50,500,7,60,5,3,10,30,50
399,737,5436.200622009169,4,50,500,8,60,5,3,10,30,50
400,344,5334.673621495495,5,50,500,4,60,5,3,10,30,50
401,719,5251.264167733748,2,50,500,8,60,5,3,10,30,50
402,278,5328.747099935446,8,50,500,3,60,5,3,10,30,50
403,375,5315.684676515897,8,50,500,4,60,5,3,10,30,50
404,597,5242.203287946253,10,50,500,6,60,5,3,10,30,50
405,528,5265.341220119913,3,50,500,6,60,5,3,10,30,50
406,191,5323.892043533853,10,50,500,2,60,5,3,10,30,50
407,664,5412.365520064479,7,50,500,7,60,5,3,10,30,50
408,52,5228.0012511389505,6,50,500,1,60,5,3,10,30,50
409,204,5661.803999971036,1,50,500,3,60,5,3,10,30,50
410,784,5377.673918348441,9,50,500,8,60,5,3,10,30,50
411,343,5345.265746192935,5,50,500,4,60,5,3,10,30,50
412,987,5284.144785697243,9,50,500,10,60,5,3,10,30,50
413,428,5412.176718588546,3,50,500,5,60,5,3,10,30,50
414,241,5147.89959555109,5,50,500,3,60,5,3,10,30,50
415,527,5184.7312322787975,3,50,500,6,60,5,3,10,30,50
416,508,5561.272533314232,1,50,500,6,60,5,3,10,30,50
417,406,5466.634988134187,1,50,500,5,60,5,3,10,30,50
418,310,5352.312872280962,2,50,500,4,60,5,3,10,30,50
419,610,5283.365167077464,2,50,500,7,60,5,3,10,30,50
420,80,5438.1711726096,9,50,500,1,60,5,3,10,30,50
421,707,5530.901067003529,1,50,500,8,60,5,3,10,30,50
422,391,5480.128601212025,10,50,500,4,60,5,3,10,30,50
423,914,5154.495102864602,2,50,500,10,60,5,3,10,30,50
424,170,5317.563435104176,8,50,500,2,60,5,3,10,30,50
425,760,5268.353538024417,7,50,500,8,60,5,3,10,30,50
426,865,5404.372844338899,7,50,500,9,60,5,3,10,30,50
427,169,5331.422997234083,7,50,500,2,60,5,3,10,30,50
428,750,5318.8507177145775,6,50,500,8,60,5,3,10,30,50
429,782,5391.549550721586,9,50,500,8,60,5,3,10,30,50
430,225,5317.616947268096,3,50,500,3,60,5,3,10,30,50
431,980,5301.6946849623955,9,50,500,10,60,5,3,10,30,50
432,151,5390.449493774015,6,50,500,2,60,5,3,10,30,50
433,831,5461.641182709753,4,50,500,9,60,5,3,10,30,50
434,258,5396.642008410042,6,50,500,3,60,5,3,10,30,50
435,890,5398.174953523595,10,50,500,9,60,5,3,10,30,50
436,963,5308.434704819838,7,50,500,10,60,5,3,10,30,50
437,536,5319.8902572453,4,50,500,6,60,5,3,10,30,50
438,991,5446.422218087312,10,50,500,10,60,5,3,10,30,50
439,235,5301.027054016222,4,50,500,3,60,5,3,10,30,50
440,292,5479.570775772509,10,50,500,3,60,5,3,10,30,50
441,624,5272.966206029635,3,50,500,7,60,5,3,10,30,50
442,989,5384.837435427838,9,50,500,10,60,5,3,10,30,50
443,467,5246.106399339284,7,50,500,5,60,5,3,10,30,50
444,403,5528.130939097671,1,50,500,5,60,5,3,10,30,50
445,692,5286.023379146641,10,50,500,7,60,5,3,10,30,50
446,789,5347.870611924875,9,50,500,8,60,5,3,10,30,50
447,804,5504.6863402890995,1,50,500,9,60,5,3,10,30,50
448,123,5307.920911757653,3,50,500,2,60,5,3,10,30,50
449,812,5352.793871741379,2,50,500,9,60,5,3,10,30,50
450,11,5382.458960209735,2,50,500,1,60,5,3,10,30,50
451,166,5327.30455002837,7,50,500,2,60,5,3,10,30,50
452,921,5215.284749000924,3,50,500,10,60,5,3,10,30,50
453,216,5322.659334124164,2,50,500,3,60,5,3,10,30,50
454,806,5417.313038370936,1,50,500,9,60,5,3,10,30,50
455,832,5166.4020263354005,4,50,500,9,60,5,3,10,30,50
456,649,5361.953990680561,5,50,500,7,60,5,3,10,30,50
457,408,5558.0980051290035,1,50,500,5,60,5,3,10,30,50
458,676,5294.000116384139,8,50,500,7,60,5,3,10,30,50
459,566,5398.478897434942,7,50,500,6,60,5,3,10,30,50
460,494,5345.865624177331,10,50,500,5,60,5,3,10,30,50
461,78,5210.9108406715895,8,50,500,1,60,5,3,10,30,50
462,582,5339.596843162069,9,50,500,6,60,5,3,10,30,50
463,180,5329.864872145575,9,50,500,2,60,5,3,10,30,50
464,12,5342.399011266401,2,50,500,1,60,5,3,10,30,50
465,601,5501.201159261409,1,50,500,7,60,5,3,10,30,50
466,418,5214.930779738277,2,50,500,5,60,5,3,10,30,50
467,853,5346.846674448271,6,50,500,9,60,5,3,10,30,50
468,715,5257.550572011607,2,50,500,8,60,5,3,10,30,50
469,371,5381.112700331015,8,50,500,4,60,5,3,10,30,50
470,358,5360.3648615397715,6,50,500,4,60,5,3,10,30,50
471,935,5340.0833848636385,4,50,500,10,60,5,3,10,30,50
472,289,5457.408292317168,9,50,500,3,60,5,3,10,30,50
473,488,5380.429480389269,9,50,500,5,60,5,3,10,30,50
474,456,5252.265540311765,6,50,500,5,60,5,3,10,30,50
475,809,5554.073029340347,1,50,500,9,60,5,3,10,30,50
476,776,5551.000265278729,8,50,500,8,60,5,3,10,30,50
477,67,5259.31140330439,7,50,500,1,60,5,3,10,30,50
478,843,5274.668717386802,5,50,500,9,60,5,3,10,30,50
479,757,5350.089214768301,6,50,500,8,60,5,3,10,30,50
480,636,5391.646788702326,4,50,500,7,60,5,3,10,30,50
481,901,5517.939560220664,1,50,500,10,60,5,3,10,30,50
482,563,5418.956378976035,7,50,500,6,60,5,3,10,30,50
483,523,5259.202196371723,3,50,500,6,60,5,3,10,30,50
484,504,5415.479432598588,1,50,500,6,60,5,3,10,30,50
485,402,5538.50063717619,1,50,500,5,60,5,3,10,30,50
486,661,5143.777262788973,7,50,500,7,60,5,3,10,30,50
487,59,5436.828985879641,6,50,500,1,60,5,3,10,30,50
488,726,5361.099863396137,3,50,500,8,60,5,3,10,30,50
489,567,5365.054056758008,7,50,500,6,60,5,3,10,30,50
490,395,5342.21491056202,10,50,500,4,60,5,3,10,30,50
491,656,5331.059875225697,6,50,500,7,60,5,3,10,30,50
492,174,5284.915322077597,8,50,500,2,60,5,3,10,30,50
493,764,5377.607869602354,7,50,500,8,60,5,3,10,30,50
494,301,5461.137045489923,1,50,500,4,60,5,3,10,30,50
495,869,5219.678286595109,7,50,500,9,60,5,3,10,30,50
496,549,5300.663707765773,5,50,500,6,60,5,3,10,30,50
497,315,5236.643361058046,2,50,500,4,60,5,3,10,30,50
498,829,5237.824932152208,3,50,500,9,60,5,3,10,30,50
499,893,5380.099067739298,10,50,500,9,60,5,3,10,30,50
500,155,5354.518081762663,6,50,500,2,60,5,3,10,30,50
501,439,5465.314574313529,4,50,500,5,60,5,3,10,30,50
502,558,5391.859801198073,6,50,500,6,60,5,3,10,30,50
503,137,5258.240302483129,4,50,500,2,60,5,3,10,30,50
504,231,5400.630173039488,4,50,500,3,60,5,3,10,30,50
505,296,5461.3548553296,10,50,500,3,60,5,3,10,30,50
506,628,5265.968317167927,3,50,500,7,60,5,3,10,30,50
507,325,5359.3968585978755,3,50,500,4,60,5,3,10,30,50
508,199,5341.036119277189,10,50,500,2,60,5,3,10,30,50
509,593,5423.864332046392,10,50,500,6,60,5,3,10,30,50
510,700,5391.994949616235,1,50,500,8,60,5,3,10,30,50
511,127,5362.225724531277,3,50,500,2,60,5,3,10,30,50
512,962,5388.921699080004,7,50,500,10,60,5,3,10,30,50
513,940,5401.381259625305,5,50,500,10,60,5,3,10,30,50
514,148,5231.125014906689,5,50,500,2,60,5,3,10,30,50
515,840,5355.534671140098,5,50,500,9,60,5,3,10,30,50
516,735,5301.2797498789205,4,50,500,8,60,5,3,10,30,50
517,162,5327.833038174534,7,50,500,2,60,5,3,10,30,50
518,925,5322.9918751739,3,50,500,10,60,5,3,10,30,50
519,499,5298.234818917303,10,50,500,5,60,5,3,10,30,50
520,965,5278.642225930178,7,50,500,10,60,5,3,10,30,50
521,386,5368.787156646306,9,50,500,4,60,5,3,10,30,50
522,36,5286.6548475873005,4,50,500,1,60,5,3,10,30,50
523,265,5394.65104458911,7,50,500,3,60,5,3,10,30,50
524,461,5514.848250654285,7,50,500,5,60,5,3,10,30,50
525,324,5267.739587071026,3,50,500,4,60,5,3,10,30,50
526,799,5437.387003465575,10,50,500,8,60,5,3,10,30,50
527,385,5301.646352356372,9,50,500,4,60,5,3,10,30,50
528,366,5286.554776845279,7,50,500,4,60,5,3,10,30,50
529,74,5299.321022830978,8,50,500,1,60,5,3,10,30,50
530,642,5332.030858637526,5,50,500,7,60,5,3,10,30,50
531,684,5444.799751221782,9,50,500,7,60,5,3,10,30,50
532,835,5306.1577077389165,4,50,500,9,60,5,3,10,30,50
533,440,5213.2555953773735,5,50,500,5,60,5,3,10,30,50
534,711,5342.402334121327,2,50,500,8,60,5,3,10,30,50
535,222,5245.352342494029,3,50,500,3,60,5,3,10,30,50
536,354,5321.600340994504,6,50,500,4,60,5,3,10,30,50
537,16,5431.9263208115335,2,50,500,1,60,5,3,10,30,50
538,475,5197.9073846235515,8,50,500,5,60,5,3,10,30,50
539,187,5379.105690916544,9,50,500,2,60,5,3,10,30,50
540,420,5240.665143548787,3,50,500,5,60,5,3,10,30,50
541,249,5376.98091338679,5,50,500,3,60,5,3,10,30,50
542,273,5295.7229169973725,8,50,500,3,60,5,3,10,30,50
543,485,5262.64139798746,9,50,500,5,60,5,3,10,30,50
544,455,5353.717777653288,6,50,500,5,60,5,3,10,30,50
545,333,5223.352417702993,4,50,500,4,60,5,3,10,30,50
546,722,5311.022963659452,3,50,500,8,60,5,3,10,30,50
547,88,5384.838397823741,9,50,500,1,60,5,3,10,30,50
548,399,5437.121969089592,10,50,500,4,60,5,3,10,30,50
549,823,5349.343858179837,3,50,500,9,60,5,3,10,30,50
550,43,5352.367180547378,5,50,500,1,60,5,3,10,30,50
551,246,5390.220360602985,5,50,500,3,60,5,3,10,30,50
552,503,5493.255750902015,1,50,500,6,60,5,3,10,30,50
553,634,5111.87361464158,4,50,500,7,60,5,3,10,30,50
554,319,5182.349782843742,2,50,500,4,60,5,3,10,30,50
555,617,5376.1019801979455,2,50,500,7,60,5,3,10,30,50
556,998,5303.863612536941,10,50,500,10,60,5,3,10,30,50
557,982,5385.956139388349,9,50,500,10,60,5,3,10,30,50
558,159,5212.226160931429,6,50,500,2,60,5,3,10,30,50
559,435,5291.253102998342,4,50,500,5,60,5,3,10,30,50
560,742,5339.392742530362,5,50,500,8,60,5,3,10,30,50
561,554,5429.005505075964,6,50,500,6,60,5,3,10,30,50
562,973,5250.693385957574,8,50,500,10,60,5,3,10,30,50
563,133,5280.680988089571,4,50,500,2,60,5,3,10,30,50
564,27,5223.245162618124,3,50,500,1,60,5,3,10,30,50
565,479,5312.3628520028,8,50,500,5,60,5,3,10,30,50
566,650,5277.037729266111,6,50,500,7,60,5,3,10,30,50
567,176,5374.110695309467,8,50,500,2,60,5,3,10,30,50
568,578,5357.509685600703,8,50,500,6,60,5,3,10,30,50
569,195,5282.328159881557,10,50,500,2,60,5,3,10,30,50
570,978,5225.185367751087,8,50,500,10,60,5,3,10,30,50
571,309,5423.194008036687,1,50,500,4,60,5,3,10,30,50
572,540,5381.735669860725,5,50,500,6,60,5,3,10,30,50
573,291,5275.562749524217,10,50,500,3,60,5,3,10,30,50
574,252,5281.676720212326,6,50,500,3,60,5,3,10,30,50
575,383,5372.440062841846,9,50,500,4,60,5,3,10,30,50
576,144,5240.1762899010555,5,50,500,2,60,5,3,10,30,50
577,629,5361.785993524978,3,50,500,7,60,5,3,10,30,50
578,731,5374.740819360489,4,50,500,8,60,5,3,10,30,50
579,882,5388.926988454947,9,50,500,9,60,5,3,10,30,50
580,3,5433.940608926804,1,50,500,1,60,5,3,10,30,50
581,936,5308.370464107887,4,50,500,10,60,5,3,10,30,50
582,513,5253.030433259074,2,50,500,6,60,5,3,10,30,50
583,269,5366.048259367604,7,50,500,3,60,5,3,10,30,50
584,861,5369.04383387972,7,50,500,9,60,5,3,10,30,50
585,328,5258.688000779603,3,50,500,4,60,5,3,10,30,50
586,411,5236.649988161778,2,50,500,5,60,5,3,10,30,50
587,795,5426.454201688379,10,50,500,8,60,5,3,10,30,50
588,389,5417.934961337611,9,50,500,4,60,5,3,10,30,50
589,362,5393.27648624551,7,50,500,4,60,5,3,10,30,50
590,129,5258.476684714613,3,50,500,2,60,5,3,10,30,50
591,955,5251.165434761663,6,50,500,10,60,5,3,10,30,50
592,646,5337.693994505879,5,50,500,7,60,5,3,10,30,50
593,680,5343.451821835883,9,50,500,7,60,5,3,10,30,50
594,903,5344.148216375066,1,50,500,10,60,5,3,10,30,50
595,574,5331.755826802467,8,50,500,6,60,5,3,10,30,50
596,119,5313.336152146837,2,50,500,2,60,5,3,10,30,50
597,444,5313.246019786136,5,50,500,5,60,5,3,10,30,50
598,783,5404.441289098558,9,50,500,8,60,5,3,10,30,50
599,379,5292.207151258018,8,50,500,4,60,5,3,10,30,50
600,599,5290.464758363634,10,50,500,6,60,5,3,10,30,50
601,281,5408.979686381758,9,50,500,3,60,5,3,10,30,50
602,585,5356.860222762065,9,50,500,6,60,5,3,10,30,50
603,606,5402.708366816711,1,50,500,7,60,5,3,10,30,50
604,347,5310.883748169745,5,50,500,4,60,5,3,10,30,50
605,372,5410.84522798561,8,50,500,4,60,5,3,10,30,50
606,277,5342.560656044431,8,50,500,3,60,5,3,10,30,50
607,481,5369.271318082092,9,50,500,5,60,5,3,10,30,50
608,451,5258.255103032901,6,50,500,5,60,5,3,10,30,50
609,803,5465.765103794066,1,50,500,9,60,5,3,10,30,50
610,669,5331.623746480678,7,50,500,7,60,5,3,10,30,50
611,51,5385.821784910987,6,50,500,1,60,5,3,10,30,50
612,201,5506.898733240995,1,50,500,3,60,5,3,10,30,50
613,666,5388.7196806206875,7,50,500,7,60,5,3,10,30,50
614,898,5290.975463389238,10,50,500,9,60,5,3,10,30,50
615,14,5351.779323474819,2,50,500,1,60,5,3,10,30,50
616,242,5398.733530967541,5,50,500,3,60,5,3,10,30,50
617,250,5296.234172823439,6,50,500,3,60,5,3,10,30,50
618,638,5377.080425410367,4,50,500,7,60,5,3,10,30,50
619,613,5258.103276634754,2,50,500,7,60,5,3,10,30,50
620,994,5508.850355942694,10,50,500,10,60,5,3,10,30,50
621,609,5565.25291829769,1,50,500,7,60,5,3,10,30,50
622,858,5331.353389682858,6,50,500,9,60,5,3,10,30,50
623,110,5456.885463004114,2,50,500,2,60,5,3,10,30,50
624,0,5472.7411698160395,1,50,500,1,60,5,3,10,30,50
625,866,5342.765432067258,7,50,500,9,60,5,3,10,30,50
626,746,5323.704861785221,5,50,500,8,60,5,3,10,30,50
627,550,5272.136068457993,6,50,500,6,60,5,3,10,30,50
628,307,5617.19575208044,1,50,500,4,60,5,3,10,30,50
629,811,5331.119781652497,2,50,500,9,60,5,3,10,30,50
630,532,5298.045993776247,4,50,500,6,60,5,3,10,30,50
631,335,5331.623510840226,4,50,500,4,60,5,3,10,30,50
632,270,5461.798368154422,8,50,500,3,60,5,3,10,30,50
633,654,5383.189574154441,6,50,500,7,60,5,3,10,30,50
634,430,5338.334817796503,4,50,500,5,60,5,3,10,30,50
635,934,5429.384955961083,4,50,500,10,60,5,3,10,30,50
636,696,5484.679433433828,10,50,500,7,60,5,3,10,30,50
637,787,5409.001667396785,9,50,500,8,60,5,3,10,30,50
638,20,5237.181088000115,3,50,500,1,60,5,3,10,30,50
639,238,5294.226901758291,4,50,500,3,60,5,3,10,30,50
640,295,5390.176445095687,10,50,500,3,60,5,3,10,30,50
641,816,5305.2712693024,2,50,500,9,60,5,3,10,30,50
642,214,5342.565711919872,2,50,500,3,60,5,3,10,30,50
643,98,5413.523463579024,10,50,500,1,60,5,3,10,30,50
644,990,5309.666027876485,10,50,500,10,60,5,3,10,30,50
645,984,5372.462417655715,9,50,500,10,60,5,3,10,30,50
646,468,5325.251455012298,7,50,500,5,60,5,3,10,30,50
647,886,5481.868045779363,9,50,500,9,60,5,3,10,30,50
648,212,5232.863419675393,2,50,500,3,60,5,3,10,30,50
649,695,5432.7267711731265,10,50,500,7,60,5,3,10,30,50
650,337,5343.111868116489,4,50,500,4,60,5,3,10,30,50
651,517,5501.302838329721,2,50,500,6,60,5,3,10,30,50
652,622,5378.673358168691,3,50,500,7,60,5,3,10,30,50
653,9,5514.434807671671,1,50,500,1,60,5,3,10,30,50
654,755,5299.797665929721,6,50,500,8,60,5,3,10,30,50
655,143,5382.426439689708,5,50,500,2,60,5,3,10,30,50
656,723,5356.441213961298,3,50,500,8,60,5,3,10,30,50
657,773,5288.98688683849,8,50,500,8,60,5,3,10,30,50
658,415,5281.414006830536,2,50,500,5,60,5,3,10,30,50
659,219,5351.725952289557,2,50,500,3,60,5,3,10,30,50
660,87,5453.188443972674,9,50,500,1,60,5,3,10,30,50
661,546,5219.507050870704,5,50,500,6,60,5,3,10,30,50
662,828,5195.175149614062,3,50,500,9,60,5,3,10,30,50
663,959,5150.176944487121,6,50,500,10,60,5,3,10,30,50
664,35,5415.641048133515,4,50,500,1,60,5,3,10,30,50
665,425,5284.647452802644,3,50,500,5,60,5,3,10,30,50
666,964,5211.217926577298,7,50,500,10,60,5,3,10,30,50
667,115,5265.627235511418,2,50,500,2,60,5,3,10,30,50
668,620,5273.227576979825,3,50,500,7,60,5,3,10,30,50
669,785,5266.456799801445,9,50,500,8,60,5,3,10,30,50
670,493,5374.539924037652,10,50,500,5,60,5,3,10,30,50
671,285,5267.989845150584,9,50,500,3,60,5,3,10,30,50
672,581,5406.510693899395,9,50,500,6,60,5,3,10,30,50
673,95,5395.42467651768,10,50,500,1,60,5,3,10,30,50
674,927,5349.600393954305,3,50,500,10,60,5,3,10,30,50
675,602,5539.256069462121,1,50,500,7,60,5,3,10,30,50
676,738,5330.114027741031,4,50,500,8,60,5,3,10,30,50
677,417,5241.024523328536,2,50,500,5,60,5,3,10,30,50
678,716,5262.008793603317,2,50,500,8,60,5,3,10,30,50
679,82,5402.279199359573,9,50,500,1,60,5,3,10,30,50
680,665,5309.435436383443,7,50,500,7,60,5,3,10,30,50
681,55,5377.136622239203,6,50,500,1,60,5,3,10,30,50
682,205,5567.232322381057,1,50,500,3,60,5,3,10,30,50
683,342,5291.648349333955,5,50,500,4,60,5,3,10,30,50
684,847,5227.8752381919,5,50,500,9,60,5,3,10,30,50
685,758,5285.107947620675,6,50,500,8,60,5,3,10,30,50
686,429,5431.56352530799,3,50,500,5,60,5,3,10,30,50
687,526,5357.6044628608815,3,50,500,6,60,5,3,10,30,50
688,407,5399.81531682533,1,50,500,5,60,5,3,10,30,50
689,311,5281.448253845736,2,50,500,4,60,5,3,10,30,50
690,995,5354.035179482969,10,50,500,10,60,5,3,10,30,50
691,725,5354.700160295474,3,50,500,8,60,5,3,10,30,50
692,562,5363.143395932051,7,50,500,6,60,5,3,10,30,50
693,895,5410.327558087184,10,50,500,9,60,5,3,10,30,50
694,706,5461.599547064823,1,50,500,8,60,5,3,10,30,50
695,915,5318.157532797192,2,50,500,10,60,5,3,10,30,50
696,44,5296.565242304368,5,50,500,1,60,5,3,10,30,50
697,171,5442.639825156327,8,50,500,2,60,5,3,10,30,50
698,763,5327.278098495113,7,50,500,8,60,5,3,10,30,50
699,45,5326.515719727647,5,50,500,1,60,5,3,10,30,50
700,318,5188.498986737109,2,50,500,4,60,5,3,10,30,50
701,781,5327.72686397637,9,50,500,8,60,5,3,10,30,50
702,226,5204.237499979259,3,50,500,3,60,5,3,10,30,50
703,152,5279.434394224608,6,50,500,2,60,5,3,10,30,50
704,32,5243.212550928854,4,50,500,1,60,5,3,10,30,50
705,327,5234.653821632628,3,50,500,4,60,5,3,10,30,50
706,830,5381.732059801956,4,50,500,9,60,5,3,10,30,50
707,257,5365.268647706447,6,50,500,3,60,5,3,10,30,50
708,970,5349.30586916688,8,50,500,10,60,5,3,10,30,50
709,537,5327.856539063024,4,50,500,6,60,5,3,10,30,50
710,138,5180.050420499488,4,50,500,2,60,5,3,10,30,50
711,234,5260.922129322554,4,50,500,3,60,5,3,10,30,50
712,299,5268.618434094954,10,50,500,3,60,5,3,10,30,50
713,625,5159.646827399116,3,50,500,7,60,5,3,10,30,50
714,919,5345.507201025548,2,50,500,10,60,5,3,10,30,50
715,988,5217.398247865169,9,50,500,10,60,5,3,10,30,50
716,464,5314.996508575148,7,50,500,5,60,5,3,10,30,50
717,196,5375.513386436307,10,50,500,2,60,5,3,10,30,50
718,691,5386.86374012266,10,50,500,7,60,5,3,10,30,50
719,703,5396.7150744053315,1,50,500,8,60,5,3,10,30,50
720,122,5428.128982202251,3,50,500,2,60,5,3,10,30,50
721,106,5420.03811318991,1,50,500,2,60,5,3,10,30,50
722,672,5343.177738483587,8,50,500,7,60,5,3,10,30,50
723,261,5354.042787019714,7,50,500,3,60,5,3,10,30,50
724,320,5366.856167570833,3,50,500,4,60,5,3,10,30,50
725,732,5383.963780708075,4,50,500,8,60,5,3,10,30,50
726,165,5340.977504292906,7,50,500,2,60,5,3,10,30,50
727,889,5391.983944591037,9,50,500,9,60,5,3,10,30,50
728,920,5386.48963164036,3,50,500,10,60,5,3,10,30,50
729,807,5399.05884357912,1,50,500,9,60,5,3,10,30,50
730,39,5423.181796271006,4,50,500,1,60,5,3,10,30,50
731,983,5391.23582527293,9,50,500,10,60,5,3,10,30,50
732,462,5333.2463065491675,7,50,500,5,60,5,3,10,30,50
733,679,5267.978807465352,8,50,500,7,60,5,3,10,30,50
734,671,5388.626190362273,8,50,500,7,60,5,3,10,30,50
735,945,5272.212676100288,5,50,500,10,60,5,3,10,30,50
736,102,5387.543997283921,1,50,500,2,60,5,3,10,30,50
737,365,5336.992645806841,7,50,500,4,60,5,3,10,30,50
738,77,5302.582249205821,8,50,500,1,60,5,3,10,30,50
739,471,5341.998427851535,8,50,500,5,60,5,3,10,30,50
740,183,5170.42599808181,9,50,500,2,60,5,3,10,30,50
741,689,5440.883660752539,9,50,500,7,60,5,3,10,30,50
742,852,5388.8899830479195,6,50,500,9,60,5,3,10,30,50
743,712,5245.47734975067,2,50,500,8,60,5,3,10,30,50
744,359,5390.003047796607,6,50,500,4,60,5,3,10,30,50
745,489,5259.835672135191,9,50,500,5,60,5,3,10,30,50
746,459,5345.842752873514,6,50,500,5,60,5,3,10,30,50
747,64,5288.6892802764,7,50,500,1,60,5,3,10,30,50
748,821,5308.29398045329,3,50,500,9,60,5,3,10,30,50
749,522,5346.314723803976,3,50,500,6,60,5,3,10,30,50
750,507,5524.907919257146,1,50,500,6,60,5,3,10,30,50
751,630,5350.833370329418,4,50,500,7,60,5,3,10,30,50
752,662,5384.208043944332,7,50,500,7,60,5,3,10,30,50
753,58,5244.2080930436605,6,50,500,1,60,5,3,10,30,50
754,721,5275.313172591019,3,50,500,8,60,5,3,10,30,50
755,85,5391.290804571744,9,50,500,1,60,5,3,10,30,50
756,392,5416.622831216839,10,50,500,4,60,5,3,10,30,50
757,40,5308.835976541834,5,50,500,1,60,5,3,10,30,50
758,175,5316.32097648749,8,50,500,2,60,5,3,10,30,50
759,767,5338.765164467858,7,50,500,8,60,5,3,10,30,50
760,300,5319.639177185289,1,50,500,4,60,5,3,10,30,50
761,633,5356.445636084557,4,50,500,7,60,5,3,10,30,50
762,312,5280.155451413116,2,50,500,4,60,5,3,10,30,50
763,132,5210.9706591304,4,50,500,2,60,5,3,10,30,50
764,49,5327.33093779554,5,50,500,1,60,5,3,10,30,50
765,156,5256.715303622782,6,50,500,2,60,5,3,10,30,50
766,438,5330.738283382939,4,50,500,5,60,5,3,10,30,50
767,559,5335.706127411242,6,50,500,6,60,5,3,10,30,50
768,974,5402.233181124302,8,50,500,10,60,5,3,10,30,50
769,134,5381.008314855195,4,50,500,2,60,5,3,10,30,50
770,28,5344.74062949889,3,50,500,1,60,5,3,10,30,50
771,230,5212.880946840697,4,50,500,3,60,5,3,10,30,50
772,571,5429.357403368235,8,50,500,6,60,5,3,10,30,50
773,306,5381.3575402353545,1,50,500,4,60,5,3,10,30,50
774,192,5467.411499805414,10,50,500,2,60,5,3,10,30,50
775,802,5469.703878578607,1,50,500,9,60,5,3,10,30,50
776,594,5431.903264260891,10,50,500,6,60,5,3,10,30,50
777,126,5337.479705130984,3,50,500,2,60,5,3,10,30,50
778,588,5385.904695125421,9,50,500,6,60,5,3,10,30,50
779,255,5333.5886820762,6,50,500,3,60,5,3,10,30,50
780,906,5429.941830208575,1,50,500,10,60,5,3,10,30,50
781,161,5315.519538973391,7,50,500,2,60,5,3,10,30,50
782,631,5455.816607366819,4,50,500,7,60,5,3,10,30,50
783,211,5291.638769041864,2,50,500,3,60,5,3,10,30,50
784,498,5326.731381848938,10,50,500,5,60,5,3,10,30,50
785,951,5308.911315505704,6,50,500,10,60,5,3,10,30,50
786,266,5257.577064477555,7,50,500,3,60,5,3,10,30,50
787,572,5264.0291244435175,8,50,500,6,60,5,3,10,30,50
788,675,5265.238824167673,8,50,500,7,60,5,3,10,30,50
789,796,5287.783626972026,10,50,500,8,60,5,3,10,30,50
790,384,5321.426988962199,9,50,500,4,60,5,3,10,30,50
791,361,5225.847452055046,7,50,500,4,60,5,3,10,30,50
792,73,5230.724110034634,8,50,500,1,60,5,3,10,30,50
793,952,5458.502641323214,6,50,500,10,60,5,3,10,30,50
794,643,5358.747340848061,5,50,500,7,60,5,3,10,30,50
795,685,5278.321702853963,9,50,500,7,60,5,3,10,30,50
796,116,5227.613811928256,2,50,500,2,60,5,3,10,30,50
797,441,5208.61820084694,5,50,500,5,60,5,3,10,30,50
798,223,5248.974118708353,3,50,500,3,60,5,3,10,30,50
799,376,5365.4947986263915,8,50,500,4,60,5,3,10,30,50
800,355,5172.8767395343,6,50,500,4,60,5,3,10,30,50
801,19,5356.020951705427,2,50,500,1,60,5,3,10,30,50
802,282,5326.808524878379,9,50,500,3,60,5,3,10,30,50
803,474,5420.206890951553,8,50,500,5,60,5,3,10,30,50
804,61,5218.900964027146,7,50,500,1,60,5,3,10,30,50
805,186,5402.435838587046,9,50,500,2,60,5,3,10,30,50
806,68,5314.203964910914,7,50,500,1,60,5,3,10,30,50
807,529,5248.35710498945,3,50,500,6,60,5,3,10,30,50
808,844,5199.802336276711,5,50,500,9,60,5,3,10,30,50
809,421,5243.742030678805,3,50,500,5,60,5,3,10,30,50
810,541,5361.729496294025,5,50,500,6,60,5,3,10,30,50
811,272,5317.662753103658,8,50,500,3,60,5,3,10,30,50
812,486,5320.523732680296,9,50,500,5,60,5,3,10,30,50
813,454,5262.071270871034,6,50,500,5,60,5,3,10,30,50
814,931,5187.760701187339,4,50,500,10,60,5,3,10,30,50
815,836,5325.346180351747,4,50,500,9,60,5,3,10,30,50
816,202,5404.319049394422,1,50,500,3,60,5,3,10,30,50
817,89,5198.343873994295,9,50,500,1,60,5,3,10,30,50
818,897,5465.635399393661,10,50,500,9,60,5,3,10,30,50
819,396,5367.745236306071,10,50,500,4,60,5,3,10,30,50
820,426,5523.155129187865,3,50,500,5,60,5,3,10,30,50
821,247,5346.934377886743,5,50,500,3,60,5,3,10,30,50
822,502,5364.89738018814,1,50,500,6,60,5,3,10,30,50
823,31,5399.7886293858255,4,50,500,1,60,5,3,10,30,50
824,316,5353.82917886191,2,50,500,4,60,5,3,10,30,50
825,616,5247.095234646948,2,50,500,7,60,5,3,10,30,50
826,999,5385.883666131405,10,50,500,10,60,5,3,10,30,50
827,657,5364.477392677003,6,50,500,7,60,5,3,10,30,50
828,916,5249.6207373499765,2,50,500,10,60,5,3,10,30,50
829,434,5235.155187243713,4,50,500,5,60,5,3,10,30,50
830,728,5270.661162176443,3,50,500,8,60,5,3,10,30,50
831,555,5152.223414705516,6,50,500,6,60,5,3,10,30,50
832,130,5232.65894274364,4,50,500,2,60,5,3,10,30,50
833,24,5363.968612683827,3,50,500,1,60,5,3,10,30,50
834,145,5381.446708368214,5,50,500,2,60,5,3,10,30,50
835,351,5312.522888992488,6,50,500,4,60,5,3,10,30,50
836,7,5356.699995201194,1,50,500,1,60,5,3,10,30,50
837,177,5382.879958097497,8,50,500,2,60,5,3,10,30,50
838,579,5393.132533103967,8,50,500,6,60,5,3,10,30,50
839,979,5358.34654122038,8,50,500,10,60,5,3,10,30,50
840,929,5225.15077273949,3,50,500,10,60,5,3,10,30,50
841,699,5305.586625976822,10,50,500,7,60,5,3,10,30,50
842,598,5286.805608690716,10,50,500,6,60,5,3,10,30,50
843,237,5291.514481427363,4,50,500,3,60,5,3,10,30,50
844,290,5415.420639846423,10,50,500,3,60,5,3,10,30,50
845,97,5415.140890450672,10,50,500,1,60,5,3,10,30,50
846,382,5259.679679661079,9,50,500,4,60,5,3,10,30,50
847,608,5504.654141554322,1,50,500,7,60,5,3,10,30,50
848,883,5339.002190462004,9,50,500,9,60,5,3,10,30,50
849,4,5456.932015835459,1,50,500,1,60,5,3,10,30,50
850,937,5356.786666302357,4,50,500,10,60,5,3,10,30,50
851,514,5176.179390329719,2,50,500,6,60,5,3,10,30,50
852,466,5318.236672496126,7,50,500,5,60,5,3,10,30,50
853,905,5555.492424545746,1,50,500,10,60,5,3,10,30,50
854,770,5461.755647550205,8,50,500,8,60,5,3,10,30,50
855,410,5359.666426962378,2,50,500,5,60,5,3,10,30,50
856,969,5262.522370418905,7,50,500,10,60,5,3,10,30,50
857,792,5534.512401075939,10,50,500,8,60,5,3,10,30,50
858,388,5223.034368545931,9,50,500,4,60,5,3,10,30,50
859,545,5361.509480832384,5,50,500,6,60,5,3,10,30,50
860,128,5286.662924647815,3,50,500,2,60,5,3,10,30,50
861,833,5343.311821258762,4,50,500,9,60,5,3,10,30,50
862,647,5337.464183584194,5,50,500,7,60,5,3,10,30,50
863,681,5408.898567296376,9,50,500,7,60,5,3,10,30,50
864,112,5260.75557986221,2,50,500,2,60,5,3,10,30,50
865,445,5319.268252268993,5,50,500,5,60,5,3,10,30,50
866,84,5340.5532840007245,9,50,500,1,60,5,3,10,30,50
867,286,5359.42859709805,9,50,500,3,60,5,3,10,30,50
868,584,5289.042602204554,9,50,500,6,60,5,3,10,30,50
869,13,5465.7480682459545,2,50,500,1,60,5,3,10,30,50
870,607,5582.91255065482,1,50,500,7,60,5,3,10,30,50
871,346,5246.744811087253,5,50,500,4,60,5,3,10,30,50
872,373,5373.577234936431,8,50,500,4,60,5,3,10,30,50
873,276,5413.798223954085,8,50,500,3,60,5,3,10,30,50
874,482,5345.564044924184,9,50,500,5,60,5,3,10,30,50
875,450,5457.008095328169,6,50,500,5,60,5,3,10,30,50
876,808,5566.450246619116,1,50,500,9,60,5,3,10,30,50
877,50,5278.993319596871,6,50,500,1,60,5,3,10,30,50
878,206,5561.049285498021,1,50,500,3,60,5,3,10,30,50
879,786,5338.611393727402,9,50,500,8,60,5,3,10,30,50
880,637,5278.92516154625,4,50,500,7,60,5,3,10,30,50
881,875,5489.880685900536,8,50,500,9,60,5,3,10,30,50
882,243,5427.867788384948,5,50,500,3,60,5,3,10,30,50
883,404,5497.515157101254,1,50,500,5,60,5,3,10,30,50
884,891,5362.332473642802,10,50,500,9,60,5,3,10,30,50
885,47,5420.561572815316,5,50,500,1,60,5,3,10,30,50
886,612,5428.761217960091,2,50,500,7,60,5,3,10,30,50
887,900,5439.123982926127,1,50,500,10,60,5,3,10,30,50
888,321,5244.533763258915,3,50,500,4,60,5,3,10,30,50
889,709,5414.669582539072,1,50,500,8,60,5,3,10,30,50
890,912,5225.301824590342,2,50,500,10,60,5,3,10,30,50
891,867,5388.615278732156,7,50,500,9,60,5,3,10,30,50
892,745,5230.662557618656,5,50,500,8,60,5,3,10,30,50
893,670,5283.268487937913,8,50,500,7,60,5,3,10,30,50
894,533,5361.641086689141,4,50,500,6,60,5,3,10,30,50
895,653,5359.293828146408,6,50,500,7,60,5,3,10,30,50
896,768,5316.466308256394,7,50,500,8,60,5,3,10,30,50
897,538,5489.602257070251,4,50,500,6,60,5,3,10,30,50
898,587,5308.416876130347,9,50,500,6,60,5,3,10,30,50
899,21,5220.462407840567,3,50,500,1,60,5,3,10,30,50
900,233,5345.1956911834495,4,50,500,3,60,5,3,10,30,50
901,294,5347.850943070712,10,50,500,3,60,5,3,10,30,50
902,819,5217.228028321213,2,50,500,9,60,5,3,10,30,50
903,322,5297.146898049027,3,50,500,4,60,5,3,10,30,50
904,469,5375.727097770027,7,50,500,5,60,5,3,10,30,50
905,510,5188.77375830098,2,50,500,6,60,5,3,10,30,50
906,887,5318.598145431912,9,50,500,9,60,5,3,10,30,50
907,948,5381.21690631246,5,50,500,10,60,5,3,10,30,50
908,694,5380.439333440157,10,50,500,7,60,5,3,10,30,50
909,338,5223.233636368349,4,50,500,4,60,5,3,10,30,50
910,518,5335.3710167680165,2,50,500,6,60,5,3,10,30,50
911,623,5435.910825579496,3,50,500,7,60,5,3,10,30,50
912,941,5239.482021343563,5,50,500,10,60,5,3,10,30,50
913,752,5247.4483733287,6,50,500,8,60,5,3,10,30,50
914,142,5297.979848934422,5,50,500,2,60,5,3,10,30,50
915,774,5389.458756600318,8,50,500,8,60,5,3,10,30,50
916,414,5237.447738648613,2,50,500,5,60,5,3,10,30,50
917,888,5377.636497319603,9,50,500,9,60,5,3,10,30,50
918,218,5289.014938244142,2,50,500,3,60,5,3,10,30,50
919,369,5418.634320471356,7,50,500,4,60,5,3,10,30,50
920,756,5364.397004383073,6,50,500,8,60,5,3,10,30,50
921,105,5347.695347444774,1,50,500,2,60,5,3,10,30,50
922,34,5237.322175991353,4,50,500,1,60,5,3,10,30,50
923,449,5370.99238109502,5,50,500,5,60,5,3,10,30,50
924,101,5353.123329704069,1,50,500,2,60,5,3,10,30,50
925,492,5331.2942624338175,10,50,500,5,60,5,3,10,30,50
926,448,5415.611288137124,5,50,500,5,60,5,3,10,30,50
927,580,5347.351784040529,9,50,500,6,60,5,3,10,30,50
928,911,5316.0552932065775,2,50,500,10,60,5,3,10,30,50
929,94,5362.264854524523,10,50,500,1,60,5,3,10,30,50
930,741,5308.116865393254,5,50,500,8,60,5,3,10,30,50
931,603,5627.394101916192,1,50,500,7,60,5,3,10,30,50
932,739,5261.701528879349,4,50,500,8,60,5,3,10,30,50
933,416,5428.1448022129325,2,50,500,5,60,5,3,10,30,50
934,851,5422.179425223796,6,50,500,9,60,5,3,10,30,50
935,717,5351.444617128504,2,50,500,8,60,5,3,10,30,50
936,801,5387.598512858492,1,50,500,9,60,5,3,10,30,50
937,8,5391.14469691645,1,50,500,1,60,5,3,10,30,50
938,54,5368.396222289543,6,50,500,1,60,5,3,10,30,50
939,341,5232.882295107224,5,50,500,4,60,5,3,10,30,50
940,871,5254.346668252587,8,50,500,9,60,5,3,10,30,50
941,525,5376.7465146548,3,50,500,6,60,5,3,10,30,50
942,400,5514.736461324787,1,50,500,5,60,5,3,10,30,50
943,57,5342.593464815526,6,50,500,1,60,5,3,10,30,50
944,724,5245.413812552959,3,50,500,8,60,5,3,10,30,50
945,561,5338.487315266442,7,50,500,6,60,5,3,10,30,50
946,856,5268.722793958437,6,50,500,9,60,5,3,10,30,50
947,705,5511.409957813028,1,50,500,8,60,5,3,10,30,50
948,822,5403.71462056085,3,50,500,9,60,5,3,10,30,50
949,658,5251.047290192166,6,50,500,7,60,5,3,10,30,50
950,762,5224.287991527973,7,50,500,8,60,5,3,10,30,50
951,303,5404.461348507893,1,50,500,4,60,5,3,10,30,50
952,749,5280.854528519752,5,50,500,8,60,5,3,10,30,50
953,208,5478.2115161148495,1,50,500,3,60,5,3,10,30,50
954,780,5294.70774679863,9,50,500,8,60,5,3,10,30,50
955,227,5346.579968727394,3,50,500,3,60,5,3,10,30,50
956,153,5263.899391097884,6,50,500,2,60,5,3,10,30,50
957,256,5231.959183509738,6,50,500,3,60,5,3,10,30,50
958,556,5480.079638021314,6,50,500,6,60,5,3,10,30,50
959,971,5329.269401166381,8,50,500,10,60,5,3,10,30,50
960,139,5297.0106757871135,4,50,500,2,60,5,3,10,30,50
961,590,5415.829686543738,10,50,500,6,60,5,3,10,30,50
962,298,5473.474393256078,10,50,500,3,60,5,3,10,30,50
963,626,5300.388193011848,3,50,500,7,60,5,3,10,30,50
964,465,5314.8143306393895,7,50,500,5,60,5,3,10,30,50
965,197,5338.784162514438,10,50,500,2,60,5,3,10,30,50
966,690,5422.626017406669,10,50,500,7,60,5,3,10,30,50
967,103,5519.462352919819,1,50,500,2,60,5,3,10,30,50
968,930,5314.747675147035,4,50,500,10,60,5,3,10,30,50
969,702,5544.417545629472,1,50,500,8,60,5,3,10,30,50
970,121,5457.725944596531,3,50,500,2,60,5,3,10,30,50
971,814,5314.930425227257,2,50,500,9,60,5,3,10,30,50
972,779,5386.8464656384385,8,50,500,8,60,5,3,10,30,50
973,262,5182.999127018828,7,50,500,3,60,5,3,10,30,50
974,570,5257.487963945882,8,50,500,6,60,5,3,10,30,50
975,733,5290.068839128546,4,50,500,8,60,5,3,10,30,50
976,164,5370.6252799658705,7,50,500,2,60,5,3,10,30,50
977,902,5513.360117349906,1,50,500,10,60,5,3,10,30,50
978,497,5374.765510028743,10,50,500,5,60,5,3,10,30,50
979,873,5401.776131870202,8,50,500,9,60,5,3,10,30,50
980,848,5392.639474362689,5,50,500,9,60,5,3,10,30,50
981,38,5237.957978082564,4,50,500,1,60,5,3,10,30,50
982,966,5432.573183726845,7,50,500,10,60,5,3,10,30,50
983,463,5183.258994442567,7,50,500,5,60,5,3,10,30,50
984,678,5332.109550674506,8,50,500,7,60,5,3,10,30,50
985,387,5428.91459308283,9,50,500,4,60,5,3,10,30,50
986,364,5281.1495755516935,7,50,500,4,60,5,3,10,30,50
987,76,5243.115691419814,8,50,500,1,60,5,3,10,30,50
988,470,5344.6889786386455,8,50,500,5,60,5,3,10,30,50
989,90,5298.620704428771,10,50,500,1,60,5,3,10,30,50
990,686,5453.984678054762,9,50,500,7,60,5,3,10,30,50
991,824,5407.541225748531,3,50,500,9,60,5,3,10,30,50
992,855,5204.698863759591,6,50,500,9,60,5,3,10,30,50
993,713,5245.763905263332,2,50,500,8,60,5,3,10,30,50
994,220,5416.425138000666,3,50,500,3,60,5,3,10,30,50
995,356,5195.534662668022,6,50,500,4,60,5,3,10,30,50
996,543,5318.030915161201,5,50,500,6,60,5,3,10,30,50
997,458,5392.167043895808,6,50,500,5,60,5,3,10,30,50
998,185,5194.692918487528,9,50,500,2,60,5,3,10,30,50
999,65,5289.909763533996,7,50,500,1,60,5,3,10,30,50
